CH001-0001|and then all of them came out
CH001-0002|they was shouting to to the window where is the frog 
CH001-0003|and the dog was shouting to the house
CH001-0004|and then all of the frogs was looking
CH001-0005|and then the boy came out 
CH001-0006|and then they saw little baby frogs 
CH001-0007|and they was in the water and they was wet 
CH001-0008|and then they found one and they came 
CH001-0009|and then the boy was climbing up the tree 
CH001-0010|and the dog fell out of the window 
CH001-0011|and then they came over something
CH001-0012|the boy is the dog was sleeping and the frog came out
CH001-0013|and they was quiet because they was looking for the frog 
CH001-0014|and the dog and the boy wake up and the frog wasn't here 
CH001-0015|and then they look everywhere in the hole and in the 
CH001-0016|they squeeze and one of them bite the boy's nose 
CH001-0017|and then he was walking and then he dropped him to the water 
CH001-0018|and get the dog and he was angry
CH001-0019|and then he shouted on the rocks 
CH001-0020|then the deer have seen him then they came with him 
CH001-0021|and then they fell to the water
CH001-0022|then uhh a guinea pig came out of the hole 
CH001-0023|but one frog didn't came up 
CH001-0024|then the boy fell over and all of the bees was flying 
CH001-0025|and they was looking everywhere 
CH001-0026|and then they saw two frogs
CH001-0027|then the boy hurted himself in the rock 
CH001-0028|and then they shouted where is the frog 
CH001-0029|the dog and and and the boy is looking at the frog 
CH001-0030|and then in the even in the bee's house 
CH001-0031|and the dog was running away 
CH001-0032|and the dog was holding the tree
CH002-0001|the little boy fell down 
CH002-0002|and they found little frogs
CH002-0003|the little boy fell in the pond 
CH002-0004|the little boy was sleeping
CH002-0005|they was calling the dog again the frog
CH002-0006|and then the little boy was running away 
CH002-0007|the little boy said shhhhh 
CH002-0008|a frog and a dog the dog is is looking at the frog 
CH002-0009|the dog fell out of the window
CH002-0010|and they went back home 
CH002-0011|and then they said frog where are you 
CH002-0012|finally though they found the the frog they needed
CH002-0013|the owl comed out of his nest
CH002-0014|and the dog is looking in in the bee's nest 
CH002-0015|and then there no no frog 
CH002-0016|the little boy and the dog was looking for the frog 
CH002-0017|the dog was sniffing in
CH002-0018|and then the frog was getting out of the jar 
CH002-0019|and the little boy called him 
CH002-0020|and then he found a dog 
CH002-0021|and then the little boy woke up and then looked in the jar 
CH002-0022|they looked again and then they found a frog 
CH002-0023|the the little boy was on the rock 
CH002-0024|and then they are trying to find 
CH002-0025|and then they said frog again they looking in the hole 
CH002-0026|and then he broked the the bees' nest 
CH003-0001|the boy is asleep 
CH003-0002|the boy looked out the window the dog climbed out of the window 
CH003-0003|the boy sssshhh shouted the frog
CH003-0004|the boy is putting the his hands on his nose 
CH003-0005|the boy climbed out of the window
CH003-0006|the boy is looking at the frog
CH003-0007|the boy looked in the shouting in the hole from the frog shouted the frog
CH003-0008|the boy went comes out of bed
CH003-0009|the boy holded the dog 
CH003-0010|the boy is awake the frog the dog is awake 
CH003-0011|the dog the frog isn't in the jar 
CH003-0012|the frog is sneaking out of the jar 
CH003-0013|the dog looked in the bee house 
CH003-0014|the dog is looking in the jar 
CH003-0015|the dog went out of bed 
CH003-0016|squirrel is coming out the hole 
CH003-0017|the boy looked out the window the dog looked out the window 
CH004-0001|a frog and a dog and a kid
CH004-0002|and was going to get out 
CH004-0003|they are looking at the frogs
CH004-0004|it's about frogs 
CH004-0005|and the frog got looking at them 
CH004-0006|the what is that_
CH004-0007|the kid shout on the the the witch hat 
CH004-0008|and the kid wake up when the dog wake up 
CH004-0009|the dog shake the dog smell the pet 
CH004-0010|and the and the frog is happy 
CH004-0011|and and he skipped out the the the bottle  
CH004-0012|the kid went to sleep and the dog went to sleep
CH004-0013|the bottle and it was in there 
CH004-0014|and there wasn't the dog 
CH004-0015|a frog and there is no frog in the bottle now
CH004-0016|and and the frog didn't went to sleep 
CH004-0017|he he wake up
CH004-0018|and they spit out up a water 
CH005-0001|and he's going like what's up on top of it 
CH005-0002|and he climbs over it's in there 
CH005-0003|then the dog is on top of his head well 
CH005-0004|and he's shouting  out 
CH005-0005|so that he might come back 
CH005-0006|then the dog jumps up and he's shouting down a hole 
CH005-0007|the frog is climbing out while he's sleeping 
CH005-0008|and then he's like no 
CH005-0009|and he puts a hat on
CH005-0010|and the frog has escaped 
CH005-0011|cause he thinks they are going to sting him 
CH005-0012|then then the deer is like happy 
CH005-0013|and all the bees are going like that and he's frightened
CH005-0014|then he's hanging from the tree and he's got stuck 
CH005-0015|and the dog runs away from the bees 
CH005-0016|and he hides from the owl or vulture
CH005-0017|then the bees are buzzing out going backway 
CH005-0018|but then the owl's out and he's like hum hum 
CH005-0019|then he's carrying it away and the dog running away from the deer 
CH005-0020|no it's a deer yeah
CH005-0021|and he's jumping out of the window
CH005-0022|and he's awake 
CH005-0023|and the boy is looking at it 
CH005-0024|cause he thinks that the frog might be in there
CH005-0025|then he goes there behind a rock 
CH005-0026|and he puts a a pot on top of his head
CH005-0027|then he's like he thinks he might be in there
CH005-0028|then he's like happy with the dog on his head 
CH005-0029|and he is not very happy 
CH005-0030|then the bee's nest falls 
CH005-0031|on and the dog have a the thing on 
CH005-0032|i think it's owl yeah 
CH005-0033|and they might be calling for the frog as well 
CH005-0034|no he's shouting out to the frog 
CH005-0035|then he's like cause a skunk came out 
CH005-0036|then the deer throwed him off into water
CH005-0037|then he's climbing up a tree shouting into a hole 
CH005-0038|then he's calling out to the frog 
CH005-0039|cause he thinks the frog might be in there 
CH005-0040|then the dog is trying to climb up a tree 
CH005-0041|and the dog is down below
CH005-0042|with a the pot on his head
CH005-0043|when he's in water and he's like byyyyeeee 
CH006-0001|and he's trying to find the dog 
CH006-0002|the girl wakes up in the morning
CH006-0003|and the dog wake up and the frog is gone 
CH006-0004|the dog looked at the hat and the dog look in the jar
CH006-0005|there's a dog and a girl a frog in the jar
CH006-0006|the girl is sleeping 
CH006-0007|and the dog and the frog is getting out 
CH006-0008|the said the dog is getting out 
CH007-0001|a frog is in the I don't know what the frog is in 
CH007-0002|they look in the boot 
CH007-0003|and then the boy is mad
CH007-0004|when they see the frog out the jar 
CH007-0005|the dog and the kid is looking at the the the frog
CH007-0006|the frog is tip toeing out of the jar 
CH007-0007|they look outside 
CH007-0008|uuuhhh the dog hm jumps out of the window 
CH007-0009|the dog is look smelling 
CH008-0001|the boy was calling where are you frog 
CH008-0002|the boy is holding the dog and the dog is licking the boy
CH008-0003|the dog made the hive fall down
CH008-0004|the boy looked down the hole 
CH008-0005|when they get dressed they look for the frog 
CH008-0006|they saw two frogs
CH008-0007|the boy fell off the tree 
CH008-0008|the dog was on the boys head
CH008-0009|then the rat looked at the dog 
CH008-0010|then they looked over the log
CH008-0011|the boy was saying shhhhhh 
CH008-0012|they went back through the pond 
CH008-0013|the dog was running away from the bees 
CH008-0014|when the boy and the dog are going to the bed the frog gets out of the jar 
CH008-0015|the owl came out of the tree 
CH008-0016|the boy fell into the pond 
CH008-0017|and the owl was sitting in the tree 
CH008-0018|they they took their frog back
CH008-0019|and bees come out of the hive
CH008-0020|and the dog looked into the hive 
CH008-0021|the dog is looking in a beehive
CH008-0022|the the the boy and the dog are looking at a frog in a jar 
CH008-0023|the boy was walking and the owl was following him 
CH008-0024|when the boy and the dog wake up the frog isn't in the jar 
CH008-0025|the boy climbed the tree to have a look 
CH008-0026|and a rat came popped out of the hole 
CH008-0027|and then lots of baby frogs came out 
CH008-0028|the boy was in the water
CH008-0029|they get outside and have a good a proper look 
CH008-0030|they look for the frog outside 
CH008-0031|the boy is saying where are you frog
CH008-0032|the deer was looking 
CH009-0001|and and and he's looking at the window around him too
CH009-0002|and and the girl looked at him 
CH009-0003|the frog is something out 
CH009-0004|and the dog is looking for the frog
CH009-0005|and he has fallen the glass
CH009-0006|and the girl is sleeping and the dog 
CH009-0007|and he has fallen off of the window 
CH009-0008|and the dog woke up 
CH009-0009|and they are looking at the frog 
CH009-0010|and over here when the girl woke up 
CH009-0011|and he licked on him
CH009-0012|and he's mad
CH009-0013|and he the frog was gone
CH009-0014|and he's looking for the frog 
CH009-0015|and because he cracked his egg
CH009-0016|a frog a dog and a girl 
CH009-0017|the girl because shout frog and the dog woof 
CH009-0018|and the morning
CH010-0001|the boy found the shoe 
CH010-0002|the boy is mad
CH010-0003|hop back in the pound 
CH010-0004|a dog fell out 
CH010-0005|uhh he's looking at it
CH010-0006|he licks him 'cos he wanted to put the frog in   
CH010-0007|the frog is gone
CH010-0008|a boy looking at the frog
CH011-0001|and he saw that the frog was gone
CH011-0002|the frog is getting out of the jar 
CH011-0003|and the kid is watching  
CH011-0004|and the kid jumped out of the window after him 
CH011-0005|the kid woke up so did the dog 
CH011-0006|the dog fell out of the window 
CH011-0007|the dog is looking in the jar and the kid is watching 
CH011-0008|when the kid and the dog is asleep
CH011-0009|but they couldn't find him 
CH011-0010|he was searching for him everywhere 
CH011-0011|because he can't find the frog
